Tháng/Năm,Tên Tour,Doanh thu Tour (Triệu VNĐ),Giá Tour trung bình (VND),Số lượng Booking (Lượt),Mùa hoạt động
01/2020,Tour Bà Nà Hills (Cầu Vàng) - 1 Ngày,73051.18,958179,76239,Thấp điểm
01/2020,Tour Ngũ Hành Sơn - Hội An - Buổi chiều,36788.2,344944,106649,Thấp điểm
01/2020,Tour Cù Lao Chàm - Lặn ngắm san hô - 1 Ngày,26804.05,421598,63577,Thấp điểm
01/2020,Tour Bán đảo Sơn Trà - Chùa Linh Ứng,16368.96,268290,61012,Thấp điểm
01/2020,Tour Huế (Khởi hành từ Đà Nẵng) - 1 Ngày,8892.93,728216,12211,Thấp điểm
01/2020,Tour Suối Khoáng Nóng Núi Thần Tài,8774.95,574907,15263,Thấp điểm
02/2020,Tour Bà Nà Hills (Cầu Vàng) - 1 Ngày,33363.15,946875,35235,Thấp điểm
02/2020,Tour Ngũ Hành Sơn - Hội An - Buổi chiều,16970.49,340875,49785,Thấp điểm
02/2020,Tour Cù Lao Chàm - Lặn ngắm san hô - 1 Ngày,11948.28,416625,28678,Thấp điểm
02/2020,Tour Bán đảo Sơn Trà - Chùa Linh Ứng,7665.91,265125,28914,Thấp điểm
02/2020,Tour Huế (Khởi hành từ Đà Nẵng) - 1 Ngày,3640.73,719625,5059,Thấp điểm
02/2020,Tour Suối Khoáng Nóng Núi Thần Tài,3913.82,568125,6889,Thấp điểm
03/2020,Tour Bà Nà Hills (Cầu Vàng) - 1 Ngày,81017.48,958179,84553,Thấp điểm
03/2020,Tour Ngũ Hành Sơn - Hội An - Buổi chiều,30984.76,344944,89825,Thấp điểm
03/2020,Tour Cù Lao Chàm - Lặn ngắm san hô - 1 Ngày,27281.67,421598,64710,Thấp điểm
03/2020,Tour Bán đảo Sơn Trà - Chùa Linh Ứng,16835.04,268290,62749,Thấp điểm
03/2020,Tour Huế (Khởi hành từ Đà Nẵng) - 1 Ngày,8846.42,728216,12148,Thấp điểm
03/2020,Tour Suối Khoáng Nóng Núi Thần Tài,9032.76,574907,15711,Thấp điểm
04/2020,Tour Bà Nà Hills (Cầu Vàng) - 1 Ngày,203522.92,989062,205773,Bình thường
04/2020,Tour Ngũ Hành Sơn - Hội An - Buổi chiều,81341.66,356062,228447,Bình thường
04/2020,Tour Cù Lao Chàm - Lặn ngắm san hô - 1 Ngày,66894.44,435187,153714,Bình thường
04/2020,Tour Bán đảo Sơn Trà - Chùa Linh Ứng,46217.79,276937,166888,Bình thường
04/2020,Tour Huế (Khởi hành từ Đà Nẵng) - 1 Ngày,20235.48,751687,26920,Bình thường
04/2020,Tour Suối Khoáng Nóng Núi Thần Tài,23012.12,593437,38777,Bình thường
05/2020,Tour Bà Nà Hills (Cầu Vàng) - 1 Ngày,335414.15,1031250,325250,Bình thường
05/2020,Tour Ngũ Hành Sơn - Hội An - Buổi chiều,165231.98,371250,445069,Bình thường
05/2020,Tour Cù Lao Chàm - Lặn ngắm san hô - 1 Ngày,110504.17,453750,243535,Bình thường
05/2020,Tour Bán đảo Sơn Trà - Chùa Linh Ứng,80286.19,288750,278047,Bình thường
05/2020,Tour Huế (Khởi hành từ Đà Nẵng) - 1 Ngày,40975.66,783750,52281,Bình thường
05/2020,Tour Suối Khoáng Nóng Núi Thần Tài,38828.77,618750,62753,Bình thường
06/2020,Tour Bà Nà Hills (Cầu Vàng) - 1 Ngày,498822.88,1073437,464696,Bình thường
06/2020,Tour Ngũ Hành Sơn - Hội An - Buổi chiều,204682.06,386437,529664,Bình thường
06/2020,Tour Cù Lao Chàm - Lặn ngắm san hô - 1 Ngày,173830.5,472312,368041,Bình thường
06/2020,Tour Bán đảo Sơn Trà - Chùa Linh Ứng,112813.13,300562,375340,Bình thường
06/2020,Tour Huế (Khởi hành từ Đà Nẵng) - 1 Ngày,57908.1,815812,70982,Bình thường
06/2020,Tour Suối Khoáng Nóng Núi Thần Tài,54315.16,644062,84332,Bình thường
07/2020,Tour Bà Nà Hills (Cầu Vàng) - 1 Ngày,661975.28,1104320,599441,Cao điểm
07/2020,Tour Ngũ Hành Sơn - Hội An - Buổi chiều,298127.53,397555,749901,Cao điểm
07/2020,Tour Cù Lao Chàm - Lặn ngắm san hô - 1 Ngày,198308.94,485901,408126,Cao điểm
07/2020,Tour Bán đảo Sơn Trà - Chùa Linh Ứng,125968.22,309209,407387,Cao điểm
07/2020,Tour Huế (Khởi hành từ Đà Nẵng) - 1 Ngày,75934.13,839283,90474,Cao điểm
07/2020,Tour Suối Khoáng Nóng Núi Thần Tài,76065.52,662592,114799,Cao điểm
08/2020,Tour Bà Nà Hills (Cầu Vàng) - 1 Ngày,654651.78,1115625,586802,Cao điểm
08/2020,Tour Ngũ Hành Sơn - Hội An - Buổi chiều,304032.99,401625,757007,Cao điểm
08/2020,Tour Cù Lao Chàm - Lặn ngắm san hô - 1 Ngày,203924.37,490875,415430,Cao điểm
08/2020,Tour Bán đảo Sơn Trà - Chùa Linh Ứng,157419.47,312375,503943,Cao điểm
08/2020,Tour Huế (Khởi hành từ Đà Nẵng) - 1 Ngày,69223.43,847875,81643,Cao điểm
08/2020,Tour Suối Khoáng Nóng Núi Thần Tài,76582.99,669375,114409,Cao điểm
09/2020,Tour Bà Nà Hills (Cầu Vàng) - 1 Ngày,615174.88,1104320,557061,Cao điểm
09/2020,Tour Ngũ Hành Sơn - Hội An - Buổi chiều,263253.02,397555,662179,Cao điểm
09/2020,Tour Cù Lao Chàm - Lặn ngắm san hô - 1 Ngày,228771.87,485901,470819,Cao điểm
09/2020,Tour Bán đảo Sơn Trà - Chùa Linh Ứng,146560.42,309209,473983,Cao điểm
09/2020,Tour Huế (Khởi hành từ Đà Nẵng) - 1 Ngày,67985.82,839283,81004,Cao điểm
09/2020,Tour Suối Khoáng Nóng Núi Thần Tài,67300.06,662592,101570,Cao điểm
10/2020,Tour Bà Nà Hills (Cầu Vàng) - 1 Ngày,473680.08,1073437,441274,Bình thường
10/2020,Tour Ngũ Hành Sơn - Hội An - Buổi chiều,223996.46,386437,579644,Bình thường
10/2020,Tour Cù Lao Chàm - Lặn ngắm san hô - 1 Ngày,18583.28,472312,39345,Bình thường
10/2020,Tour Bán đảo Sơn Trà - Chùa Linh Ứng,116627.76,300562,388031,Bình thường
10/2020,Tour Huế (Khởi hành từ Đà Nẵng) - 1 Ngày,52123.55,815812,63891,Bình thường
10/2020,Tour Suối Khoáng Nóng Núi Thần Tài,59801.75,644062,92850,Bình thường
11/2020,Tour Bà Nà Hills (Cầu Vàng) - 1 Ngày,328352.69,1031250,318402,Bình thường
11/2020,Tour Ngũ Hành Sơn - Hội An - Buổi chiều,152558.51,371250,410932,Bình thường
11/2020,Tour Cù Lao Chàm - Lặn ngắm san hô - 1 Ngày,12057.28,453750,26572,Bình thường
11/2020,Tour Bán đảo Sơn Trà - Chùa Linh Ứng,80210.48,288750,277785,Bình thường
11/2020,Tour Huế (Khởi hành từ Đà Nẵng) - 1 Ngày,41033.12,783750,52354,Bình thường
11/2020,Tour Suối Khoáng Nóng Núi Thần Tài,41269.13,618750,66697,Bình thường
12/2020,Tour Bà Nà Hills (Cầu Vàng) - 1 Ngày,180858.03,989062,182858,Bình thường
12/2020,Tour Ngũ Hành Sơn - Hội An - Buổi chiều,78479.57,356062,220409,Bình thường
12/2020,Tour Cù Lao Chàm - Lặn ngắm san hô - 1 Ngày,6346.03,435187,14582,Bình thường
12/2020,Tour Bán đảo Sơn Trà - Chùa Linh Ứng,40823.76,276937,147411,Bình thường
12/2020,Tour Huế (Khởi hành từ Đà Nẵng) - 1 Ngày,20036.37,751687,26655,Bình thường
12/2020,Tour Suối Khoáng Nóng Núi Thần Tài,21294.87,593437,35883,Bình thường
01/2021,Tour Bà Nà Hills (Cầu Vàng) - 1 Ngày,34468.95,1022057,33725,Thấp điểm
01/2021,Tour Ngũ Hành Sơn - Hội An - Buổi chiều,18380.43,367940,49954,Thấp điểm
01/2021,Tour Cù Lao Chàm - Lặn ngắm san hô - 1 Ngày,11768.54,449705,26169,Thấp điểm
01/2021,Tour Bán đảo Sơn Trà - Chùa Linh Ứng,8699.25,286176,30398,Thấp điểm
01/2021,Tour Huế (Khởi hành từ Đà Nẵng) - 1 Ngày,3969.54,776763,5110,Thấp điểm
01/2021,Tour Suối Khoáng Nóng Núi Thần Tài,4191.0,613234,6834,Thấp điểm
02/2021,Tour Bà Nà Hills (Cầu Vàng) - 1 Ngày,18799.0,1010000,18612,Thấp điểm
02/2021,Tour Ngũ Hành Sơn - Hội An - Buổi chiều,7797.26,363600,21444,Thấp điểm
02/2021,Tour Cù Lao Chàm - Lặn ngắm san hô - 1 Ngày,5667.31,444400,12752,Thấp điểm
02/2021,Tour Bán đảo Sơn Trà - Chùa Linh Ứng,4161.62,282800,14715,Thấp điểm
02/2021,Tour Huế (Khởi hành từ Đà Nẵng) - 1 Ngày,1959.61,767600,2552,Thấp điểm
02/2021,Tour Suối Khoáng Nóng Núi Thần Tài,2057.99,606000,3396,Thấp điểm
03/2021,Tour Bà Nà Hills (Cầu Vàng) - 1 Ngày,37599.75,1022057,36788,Thấp điểm
03/2021,Tour Ngũ Hành Sơn - Hội An - Buổi chiều,17815.2,367940,48418,Thấp điểm
03/2021,Tour Cù Lao Chàm - Lặn ngắm san hô - 1 Ngày,11509.72,449705,25593,Thấp điểm
03/2021,Tour Bán đảo Sơn Trà - Chùa Linh Ứng,8403.12,286176,29363,Thấp điểm
03/2021,Tour Huế (Khởi hành từ Đà Nẵng) - 1 Ngày,4342.41,776763,5590,Thấp điểm
03/2021,Tour Suối Khoáng Nóng Núi Thần Tài,4421.02,613234,7209,Thấp điểm
04/2021,Tour Bà Nà Hills (Cầu Vàng) - 1 Ngày,102326.29,1055000,96991,Bình thường
04/2021,Tour Ngũ Hành Sơn - Hội An - Buổi chiều,42095.83,379800,110836,Bình thường
04/2021,Tour Cù Lao Chàm - Lặn ngắm san hô - 1 Ngày,33439.3,464200,72036,Bình thường
04/2021,Tour Bán đảo Sơn Trà - Chùa Linh Ứng,19835.05,295400,67146,Bình thường
04/2021,Tour Huế (Khởi hành từ Đà Nẵng) - 1 Ngày,10947.63,801800,13653,Bình thường
04/2021,Tour Suối Khoáng Nóng Núi Thần Tài,10555.26,633000,16674,Bình thường
05/2021,Tour Bà Nà Hills (Cầu Vàng) - 1 Ngày,163190.96,1100000,148355,Bình thường
05/2021,Tour Ngũ Hành Sơn - Hội An - Buổi chiều,71208.68,396000,179819,Bình thường
05/2021,Tour Cù Lao Chàm - Lặn ngắm san hô - 1 Ngày,51991.16,484000,107419,Bình thường
05/2021,Tour Bán đảo Sơn Trà - Chùa Linh Ứng,36722.67,308000,119229,Bình thường
05/2021,Tour Huế (Khởi hành từ Đà Nẵng) - 1 Ngày,19687.23,836000,23549,Bình thường
05/2021,Tour Suối Khoáng Nóng Núi Thần Tài,20512.65,660000,31079,Bình thường
06/2021,Tour Bà Nà Hills (Cầu Vàng) - 1 Ngày,233404.7,1145000,203846,Bình thường
06/2021,Tour Ngũ Hành Sơn - Hội An - Buổi chiều,115218.67,412200,279521,Bình thường
06/2021,Tour Cù Lao Chàm - Lặn ngắm san hô - 1 Ngày,76753.74,503800,152349,Bình thường
06/2021,Tour Bán đảo Sơn Trà - Chùa Linh Ứng,51640.74,320600,161075,Bình thường
06/2021,Tour Huế (Khởi hành từ Đà Nẵng) - 1 Ngày,27309.62,870200,31383,Bình thường
06/2021,Tour Suối Khoáng Nóng Núi Thần Tài,26444.8,687000,38493,Bình thường
07/2021,Tour Bà Nà Hills (Cầu Vàng) - 1 Ngày,313435.45,1177942,266087,Cao điểm
07/2021,Tour Ngũ Hành Sơn - Hội An - Buổi chiều,123275.37,424059,290703,Cao điểm
07/2021,Tour Cù Lao Chàm - Lặn ngắm san hô - 1 Ngày,107572.2,518294,207550,Cao điểm
07/2021,Tour Bán đảo Sơn Trà - Chùa Linh Ứng,67001.0,329823,203141,Cao điểm
07/2021,Tour Huế (Khởi hành từ Đà Nẵng) - 1 Ngày,35058.92,895236,39161,Cao điểm
07/2021,Tour Suối Khoáng Nóng Núi Thần Tài,36115.43,706765,51099,Cao điểm
08/2021,Tour Bà Nà Hills (Cầu Vàng) - 1 Ngày,317841.63,1190000,267093,Cao điểm
08/2021,Tour Ngũ Hành Sơn - Hội An - Buổi chiều,148861.94,428400,347483,Cao điểm
08/2021,Tour Cù Lao Chàm - Lặn ngắm san hô - 1 Ngày,98491.24,523600,188103,Cao điểm
08/2021,Tour Bán đảo Sơn Trà - Chùa Linh Ứng,67693.28,333200,203161,Cao điểm
08/2021,Tour Huế (Khởi hành từ Đà Nẵng) - 1 Ngày,34848.97,904400,38532,Cao điểm
08/2021,Tour Suối Khoáng Nóng Núi Thần Tài,35056.33,714000,49098,Cao điểm
09/2021,Tour Bà Nà Hills (Cầu Vàng) - 1 Ngày,316823.92,1177942,268963,Cao điểm
09/2021,Tour Ngũ Hành Sơn - Hội An - Buổi chiều,146925.54,424059,346474,Cao điểm
09/2021,Tour Cù Lao Chàm - Lặn ngắm san hô - 1 Ngày,98010.18,518294,189101,Cao điểm
09/2021,Tour Bán đảo Sơn Trà - Chùa Linh Ứng,66776.7,329823,202461,Cao điểm
09/2021,Tour Huế (Khởi hành từ Đà Nẵng) - 1 Ngày,31373.59,895236,35045,Cao điểm
09/2021,Tour Suối Khoáng Nóng Núi Thần Tài,35100.82,706765,49664,Cao điểm
10/2021,Tour Bà Nà Hills (Cầu Vàng) - 1 Ngày,271464.52,1145000,237086,Bình thường
10/2021,Tour Ngũ Hành Sơn - Hội An - Buổi chiều,100691.65,412200,244278,Bình thường
10/2021,Tour Cù Lao Chàm - Lặn ngắm san hô - 1 Ngày,8862.61,503800,17591,Bình thường
10/2021,Tour Bán đảo Sơn Trà - Chùa Linh Ứng,60221.81,320600,187840,Bình thường
10/2021,Tour Huế (Khởi hành từ Đà Nẵng) - 1 Ngày,24962.96,870200,28686,Bình thường
10/2021,Tour Suối Khoáng Nóng Núi Thần Tài,26944.86,687000,39221,Bình thường
11/2021,Tour Bà Nà Hills (Cầu Vàng) - 1 Ngày,163889.85,1100000,148990,Bình thường
11/2021,Tour Ngũ Hành Sơn - Hội An - Buổi chiều,75451.29,396000,190533,Bình thường
11/2021,Tour Cù Lao Chàm - Lặn ngắm san hô - 1 Ngày,6052.64,484000,12505,Bình thường
11/2021,Tour Bán đảo Sơn Trà - Chùa Linh Ứng,39510.75,308000,128281,Bình thường
11/2021,Tour Huế (Khởi hành từ Đà Nẵng) - 1 Ngày,19048.65,836000,22785,Bình thường
11/2021,Tour Suối Khoáng Nóng Núi Thần Tài,18607.96,660000,28193,Bình thường
12/2021,Tour Bà Nà Hills (Cầu Vàng) - 1 Ngày,93442.55,1055000,88571,Bình thường
12/2021,Tour Ngũ Hành Sơn - Hội An - Buổi chiều,39174.53,379800,103145,Bình thường
12/2021,Tour Cù Lao Chàm - Lặn ngắm san hô - 1 Ngày,3258.07,464200,7018,Bình thường
12/2021,Tour Bán đảo Sơn Trà - Chùa Linh Ứng,18846.76,295400,63800,Bình thường
12/2021,Tour Huế (Khởi hành từ Đà Nẵng) - 1 Ngày,11136.89,801800,13889,Bình thường
12/2021,Tour Suối Khoáng Nóng Núi Thần Tài,9484.86,633000,14983,Bình thường
01/2022,Tour Bà Nà Hills (Cầu Vàng) - 1 Ngày,121018.77,1085936,111441,Thấp điểm
01/2022,Tour Ngũ Hành Sơn - Hội An - Buổi chiều,63746.31,390937,163060,Thấp điểm
01/2022,Tour Cù Lao Chàm - Lặn ngắm san hô - 1 Ngày,43928.01,477811,91935,Thấp điểm
01/2022,Tour Bán đảo Sơn Trà - Chùa Linh Ứng,27904.41,304062,91772,Thấp điểm
01/2022,Tour Huế (Khởi hành từ Đà Nẵng) - 1 Ngày,13262.93,825311,16070,Thấp điểm
01/2022,Tour Suối Khoáng Nóng Núi Thần Tài,15787.32,651561,24229,Thấp điểm
02/2022,Tour Bà Nà Hills (Cầu Vàng) - 1 Ngày,62987.07,1073125,58695,Thấp điểm
02/2022,Tour Ngũ Hành Sơn - Hội An - Buổi chiều,24668.61,386325,63854,Thấp điểm
02/2022,Tour Cù Lao Chàm - Lặn ngắm san hô - 1 Ngày,17992.83,472175,38106,Thấp điểm
02/2022,Tour Bán đảo Sơn Trà - Chùa Linh Ứng,14492.5,300475,48231,Thấp điểm
02/2022,Tour Huế (Khởi hành từ Đà Nẵng) - 1 Ngày,6848.37,815575,8396,Thấp điểm
02/2022,Tour Suối Khoáng Nóng Núi Thần Tài,6393.24,643875,9929,Thấp điểm
03/2022,Tour Bà Nà Hills (Cầu Vàng) - 1 Ngày,136292.48,1085936,125506,Thấp điểm
03/2022,Tour Ngũ Hành Sơn - Hội An - Buổi chiều,63528.52,390937,162503,Thấp điểm
03/2022,Tour Cù Lao Chàm - Lặn ngắm san hô - 1 Ngày,47896.81,477811,100241,Thấp điểm
03/2022,Tour Bán đảo Sơn Trà - Chùa Linh Ứng,30171.3,304062,99227,Thấp điểm
03/2022,Tour Huế (Khởi hành từ Đà Nẵng) - 1 Ngày,15526.32,825311,18812,Thấp điểm
03/2022,Tour Suối Khoáng Nóng Núi Thần Tài,13883.2,651561,21307,Thấp điểm
04/2022,Tour Bà Nà Hills (Cầu Vàng) - 1 Ngày,337217.09,1120937,300834,Bình thường
04/2022,Tour Ngũ Hành Sơn - Hội An - Buổi chiều,159143.85,403537,394371,Bình thường
04/2022,Tour Cù Lao Chàm - Lặn ngắm san hô - 1 Ngày,118882.18,493212,241036,Bình thường
04/2022,Tour Bán đảo Sơn Trà - Chùa Linh Ứng,78847.82,313862,251217,Bình thường
04/2022,Tour Huế (Khởi hành từ Đà Nẵng) - 1 Ngày,35378.36,851912,41528,Bình thường
04/2022,Tour Suối Khoáng Nóng Núi Thần Tài,37967.27,672562,56451,Bình thường
05/2022,Tour Bà Nà Hills (Cầu Vàng) - 1 Ngày,606017.28,1168750,518517,Bình thường
05/2022,Tour Ngũ Hành Sơn - Hội An - Buổi chiều,239585.07,420750,569423,Bình thường
05/2022,Tour Cù Lao Chàm - Lặn ngắm san hô - 1 Ngày,214887.23,514250,417865,Bình thường
05/2022,Tour Bán đảo Sơn Trà - Chùa Linh Ứng,138366.46,327250,422815,Bình thường
05/2022,Tour Huế (Khởi hành từ Đà Nẵng) - 1 Ngày,72281.29,888250,81374,Bình thường
05/2022,Tour Suối Khoáng Nóng Núi Thần Tài,73024.15,701250,104134,Bình thường
06/2022,Tour Bà Nà Hills (Cầu Vàng) - 1 Ngày,874684.51,1216562,718980,Bình thường
06/2022,Tour Ngũ Hành Sơn - Hội An - Buổi chiều,420368.55,437962,959827,Bình thường
06/2022,Tour Cù Lao Chàm - Lặn ngắm san hô - 1 Ngày,283781.77,535287,530148,Bình thường
06/2022,Tour Bán đảo Sơn Trà - Chùa Linh Ứng,184951.39,340637,542956,Bình thường
06/2022,Tour Huế (Khởi hành từ Đà Nẵng) - 1 Ngày,97175.24,924587,105101,Bình thường
06/2022,Tour Suối Khoáng Nóng Núi Thần Tài,97083.56,729937,133002,Bình thường
07/2022,Tour Bà Nà Hills (Cầu Vàng) - 1 Ngày,1136624.9,1251563,908163,Cao điểm
07/2022,Tour Ngũ Hành Sơn - Hội An - Buổi chiều,441933.95,450562,980848,Cao điểm
07/2022,Tour Cù Lao Chàm - Lặn ngắm san hô - 1 Ngày,381256.93,550688,692328,Cao điểm
07/2022,Tour Bán đảo Sơn Trà - Chùa Linh Ứng,259374.11,350437,740142,Cao điểm
07/2022,Tour Huế (Khởi hành từ Đà Nẵng) - 1 Ngày,127360.13,951188,133895,Cao điểm
07/2022,Tour Suối Khoáng Nóng Núi Thần Tài,127847.07,750938,170249,Cao điểm
08/2022,Tour Bà Nà Hills (Cầu Vàng) - 1 Ngày,1045905.38,1264375,827211,Cao điểm
08/2022,Tour Ngũ Hành Sơn - Hội An - Buổi chiều,520180.16,455175,1142813,Cao điểm
08/2022,Tour Cù Lao Chàm - Lặn ngắm san hô - 1 Ngày,413801.03,556325,743811,Cao điểm
08/2022,Tour Bán đảo Sơn Trà - Chùa Linh Ứng,248527.86,354025,702006,Cao điểm
08/2022,Tour Huế (Khởi hành từ Đà Nẵng) - 1 Ngày,115271.34,960925,119958,Cao điểm
08/2022,Tour Suối Khoáng Nóng Núi Thần Tài,116087.54,758625,153023,Cao điểm
09/2022,Tour Bà Nà Hills (Cầu Vàng) - 1 Ngày,1060703.13,1251563,847502,Cao điểm
09/2022,Tour Ngũ Hành Sơn - Hội An - Buổi chiều,502142.39,450562,1114477,Cao điểm
09/2022,Tour Cù Lao Chàm - Lặn ngắm san hô - 1 Ngày,335477.5,550688,609197,Cao điểm
09/2022,Tour Bán đảo Sơn Trà - Chùa Linh Ứng,245098.91,350437,699407,Cao điểm
09/2022,Tour Huế (Khởi hành từ Đà Nẵng) - 1 Ngày,111479.96,951188,117200,Cao điểm
09/2022,Tour Suối Khoáng Nóng Núi Thần Tài,107164.44,750938,142707,Cao điểm
10/2022,Tour Bà Nà Hills (Cầu Vàng) - 1 Ngày,786085.33,1216562,646152,Bình thường
10/2022,Tour Ngũ Hành Sơn - Hội An - Buổi chiều,376815.29,437962,860382,Bình thường
10/2022,Tour Cù Lao Chàm - Lặn ngắm san hô - 1 Ngày,31487.94,535287,58824,Bình thường
10/2022,Tour Bán đảo Sơn Trà - Chùa Linh Ứng,179916.92,340637,528177,Bình thường
10/2022,Tour Huế (Khởi hành từ Đà Nẵng) - 1 Ngày,101930.61,924587,110244,Bình thường
10/2022,Tour Suối Khoáng Nóng Núi Thần Tài,93969.62,729937,128736,Bình thường
11/2022,Tour Bà Nà Hills (Cầu Vàng) - 1 Ngày,622156.33,1168750,532326,Bình thường
11/2022,Tour Ngũ Hành Sơn - Hội An - Buổi chiều,283502.69,420750,673803,Bình thường
11/2022,Tour Cù Lao Chàm - Lặn ngắm san hô - 1 Ngày,20241.85,514250,39361,Bình thường
11/2022,Tour Bán đảo Sơn Trà - Chùa Linh Ứng,129766.99,327250,396537,Bình thường
11/2022,Tour Huế (Khởi hành từ Đà Nẵng) - 1 Ngày,59962.08,888250,67505,Bình thường
11/2022,Tour Suối Khoáng Nóng Núi Thần Tài,64704.18,701250,92269,Bình thường
12/2022,Tour Bà Nà Hills (Cầu Vàng) - 1 Ngày,345737.46,1120937,308435,Bình thường
12/2022,Tour Ngũ Hành Sơn - Hội An - Buổi chiều,136537.74,403537,338352,Bình thường
12/2022,Tour Cù Lao Chàm - Lặn ngắm san hô - 1 Ngày,11893.76,493212,24114,Bình thường
12/2022,Tour Bán đảo Sơn Trà - Chùa Linh Ứng,74110.31,313862,236123,Bình thường
12/2022,Tour Huế (Khởi hành từ Đà Nẵng) - 1 Ngày,33504.4,851912,39328,Bình thường
12/2022,Tour Suối Khoáng Nóng Núi Thần Tài,36760.47,672562,54657,Bình thường
01/2023,Tour Bà Nà Hills (Cầu Vàng) - 1 Ngày,233284.56,1149814,202888,Thấp điểm
01/2023,Tour Ngũ Hành Sơn - Hội An - Buổi chiều,112795.64,413933,272497,Thấp điểm
01/2023,Tour Cù Lao Chàm - Lặn ngắm san hô - 1 Ngày,87149.57,505918,172260,Thấp điểm
01/2023,Tour Bán đảo Sơn Trà - Chùa Linh Ứng,57108.51,321948,177384,Thấp điểm
01/2023,Tour Huế (Khởi hành từ Đà Nẵng) - 1 Ngày,27714.15,873859,31714,Thấp điểm
01/2023,Tour Suối Khoáng Nóng Núi Thần Tài,29698.49,689888,43048,Thấp điểm
02/2023,Tour Bà Nà Hills (Cầu Vàng) - 1 Ngày,114918.09,1136250,101138,Thấp điểm
02/2023,Tour Ngũ Hành Sơn - Hội An - Buổi chiều,53518.87,409050,130836,Thấp điểm
02/2023,Tour Cù Lao Chàm - Lặn ngắm san hô - 1 Ngày,36958.21,499950,73923,Thấp điểm
02/2023,Tour Bán đảo Sơn Trà - Chùa Linh Ứng,27280.5,318150,85747,Thấp điểm
02/2023,Tour Huế (Khởi hành từ Đà Nẵng) - 1 Ngày,13280.38,863550,15378,Thấp điểm
02/2023,Tour Suối Khoáng Nóng Núi Thần Tài,12053.05,681750,17679,Thấp điểm
03/2023,Tour Bà Nà Hills (Cầu Vàng) - 1 Ngày,269228.58,1149814,234149,Thấp điểm
03/2023,Tour Ngũ Hành Sơn - Hội An - Buổi chiều,107040.83,413933,258594,Thấp điểm
03/2023,Tour Cù Lao Chàm - Lặn ngắm san hô - 1 Ngày,84860.48,505918,167735,Thấp điểm
03/2023,Tour Bán đảo Sơn Trà - Chùa Linh Ứng,57202.34,321948,177675,Thấp điểm
03/2023,Tour Huế (Khởi hành từ Đà Nẵng) - 1 Ngày,30645.08,873859,35068,Thấp điểm
03/2023,Tour Suối Khoáng Nóng Núi Thần Tài,26091.7,689888,37820,Thấp điểm
04/2023,Tour Bà Nà Hills (Cầu Vàng) - 1 Ngày,610346.77,1186875,514246,Bình thường
04/2023,Tour Ngũ Hành Sơn - Hội An - Buổi chiều,288908.08,427275,676164,Bình thường
04/2023,Tour Cù Lao Chàm - Lặn ngắm san hô - 1 Ngày,216424.58,522224,414427,Bình thường
04/2023,Tour Bán đảo Sơn Trà - Chùa Linh Ứng,139345.36,332325,419304,Bình thường
04/2023,Tour Huế (Khởi hành từ Đà Nẵng) - 1 Ngày,75071.28,902025,83225,Bình thường
04/2023,Tour Suối Khoáng Nóng Núi Thần Tài,71564.16,712125,100493,Bình thường
05/2023,Tour Bà Nà Hills (Cầu Vàng) - 1 Ngày,1185450.04,1237500,957939,Bình thường
05/2023,Tour Ngũ Hành Sơn - Hội An - Buổi chiều,471718.41,445500,1058851,Bình thường
05/2023,Tour Cù Lao Chàm - Lặn ngắm san hô - 1 Ngày,428970.66,544500,787824,Bình thường
05/2023,Tour Bán đảo Sơn Trà - Chùa Linh Ứng,262514.9,346500,757618,Bình thường
05/2023,Tour Huế (Khởi hành từ Đà Nẵng) - 1 Ngày,120952.32,940500,128604,Bình thường
05/2023,Tour Suối Khoáng Nóng Núi Thần Tài,117644.11,742500,158443,Bình thường
06/2023,Tour Bà Nà Hills (Cầu Vàng) - 1 Ngày,1684050.57,1288125,1307365,Bình thường
06/2023,Tour Ngũ Hành Sơn - Hội An - Buổi chiều,801592.21,463725,1728593,Bình thường
06/2023,Tour Cù Lao Chàm - Lặn ngắm san hô - 1 Ngày,512489.23,566775,904219,Bình thường
06/2023,Tour Bán đảo Sơn Trà - Chùa Linh Ứng,387615.86,360675,1074695,Bình thường
06/2023,Tour Huế (Khởi hành từ Đà Nẵng) - 1 Ngày,203922.51,978975,208302,Bình thường
06/2023,Tour Suối Khoáng Nóng Núi Thần Tài,196516.43,772875,254266,Bình thường
07/2023,Tour Bà Nà Hills (Cầu Vàng) - 1 Ngày,2153116.93,1325185,1624766,Cao điểm
07/2023,Tour Ngũ Hành Sơn - Hội An - Buổi chiều,1005913.21,477066,2108538,Cao điểm
07/2023,Tour Cù Lao Chàm - Lặn ngắm san hô - 1 Ngày,707993.0,583081,1214226,Cao điểm
07/2023,Tour Bán đảo Sơn Trà - Chùa Linh Ứng,459594.0,371051,1238624,Cao điểm
07/2023,Tour Huế (Khởi hành từ Đà Nẵng) - 1 Ngày,219074.21,1007140,217520,Cao điểm
07/2023,Tour Suối Khoáng Nóng Núi Thần Tài,220840.4,795111,277747,Cao điểm
08/2023,Tour Bà Nà Hills (Cầu Vàng) - 1 Ngày,2365238.14,1338750,1766751,Cao điểm
08/2023,Tour Ngũ Hành Sơn - Hội An - Buổi chiều,970897.0,481950,2014518,Cao điểm
08/2023,Tour Cù Lao Chàm - Lặn ngắm san hô - 1 Ngày,689508.33,589050,1170542,Cao điểm
08/2023,Tour Bán đảo Sơn Trà - Chùa Linh Ứng,494603.73,374850,1319471,Cao điểm
08/2023,Tour Huế (Khởi hành từ Đà Nẵng) - 1 Ngày,250719.75,1017450,246419,Cao điểm
08/2023,Tour Suối Khoáng Nóng Núi Thần Tài,251095.77,803250,312599,Cao điểm
09/2023,Tour Bà Nà Hills (Cầu Vàng) - 1 Ngày,2061521.05,1325185,1555647,Cao điểm
09/2023,Tour Ngũ Hành Sơn - Hội An - Buổi chiều,963608.8,477066,2019862,Cao điểm
09/2023,Tour Cù Lao Chàm - Lặn ngắm san hô - 1 Ngày,704383.52,583081,1208036,Cao điểm
09/2023,Tour Bán đảo Sơn Trà - Chùa Linh Ứng,419016.8,371051,1129267,Cao điểm
09/2023,Tour Huế (Khởi hành từ Đà Nẵng) - 1 Ngày,209348.62,1007140,207864,Cao điểm
09/2023,Tour Suối Khoáng Nóng Núi Thần Tài,233625.11,795111,293827,Cao điểm
10/2023,Tour Bà Nà Hills (Cầu Vàng) - 1 Ngày,1535596.97,1288125,1192117,Bình thường
10/2023,Tour Ngũ Hành Sơn - Hội An - Buổi chiều,772319.31,463725,1665468,Bình thường
10/2023,Tour Cù Lao Chàm - Lặn ngắm san hô - 1 Ngày,54462.86,566775,96092,Bình thường
10/2023,Tour Bán đảo Sơn Trà - Chùa Linh Ứng,396986.87,360675,1100677,Bình thường
10/2023,Tour Huế (Khởi hành từ Đà Nẵng) - 1 Ngày,194424.59,978975,198600,Bình thường
10/2023,Tour Suối Khoáng Nóng Núi Thần Tài,200594.47,772875,259543,Bình thường
11/2023,Tour Bà Nà Hills (Cầu Vàng) - 1 Ngày,1093492.54,1237500,883630,Bình thường
11/2023,Tour Ngũ Hành Sơn - Hội An - Buổi chiều,555519.66,445500,1246957,Bình thường
11/2023,Tour Cù Lao Chàm - Lặn ngắm san hô - 1 Ngày,38079.0,544500,69933,Bình thường
11/2023,Tour Bán đảo Sơn Trà - Chùa Linh Ứng,269171.29,346500,776829,Bình thường
11/2023,Tour Huế (Khởi hành từ Đà Nẵng) - 1 Ngày,137978.63,940500,146707,Bình thường
11/2023,Tour Suối Khoáng Nóng Núi Thần Tài,134591.44,742500,181267,Bình thường
12/2023,Tour Bà Nà Hills (Cầu Vàng) - 1 Ngày,590988.82,1186875,497936,Bình thường
12/2023,Tour Ngũ Hành Sơn - Hội An - Buổi chiều,266724.49,427275,624245,Bình thường
12/2023,Tour Cù Lao Chàm - Lặn ngắm san hô - 1 Ngày,19970.59,522224,38241,Bình thường
12/2023,Tour Bán đảo Sơn Trà - Chùa Linh Ứng,156898.42,332325,472123,Bình thường
12/2023,Tour Huế (Khởi hành từ Đà Nẵng) - 1 Ngày,74245.0,902025,82309,Bình thường
12/2023,Tour Suối Khoáng Nóng Núi Thần Tài,73387.06,712125,103053,Bình thường
01/2024,Tour Bà Nà Hills (Cầu Vàng) - 1 Ngày,260421.1,1213693,214569,Thấp điểm
01/2024,Tour Ngũ Hành Sơn - Hội An - Buổi chiều,116634.48,436929,266941,Thấp điểm
01/2024,Tour Cù Lao Chàm - Lặn ngắm san hô - 1 Ngày,90862.0,534025,170145,Thấp điểm
01/2024,Tour Bán đảo Sơn Trà - Chùa Linh Ứng,55395.14,339834,163006,Thấp điểm
01/2024,Tour Huế (Khởi hành từ Đà Nẵng) - 1 Ngày,28939.68,922407,31374,Thấp điểm
01/2024,Tour Suối Khoáng Nóng Núi Thần Tài,31887.19,728216,43788,Thấp điểm
02/2024,Tour Bà Nà Hills (Cầu Vàng) - 1 Ngày,114163.01,1199375,95185,Thấp điểm
02/2024,Tour Ngũ Hành Sơn - Hội An - Buổi chiều,51318.94,431775,118855,Thấp điểm
02/2024,Tour Cù Lao Chàm - Lặn ngắm san hô - 1 Ngày,44822.2,527725,84934,Thấp điểm
02/2024,Tour Bán đảo Sơn Trà - Chùa Linh Ứng,27666.19,335825,82382,Thấp điểm
02/2024,Tour Huế (Khởi hành từ Đà Nẵng) - 1 Ngày,13672.13,911525,14999,Thấp điểm
02/2024,Tour Suối Khoáng Nóng Núi Thần Tài,14625.39,719625,20323,Thấp điểm
03/2024,Tour Bà Nà Hills (Cầu Vàng) - 1 Ngày,256664.13,1213693,211473,Thấp điểm
03/2024,Tour Ngũ Hành Sơn - Hội An - Buổi chiều,127126.83,436929,290954,Thấp điểm
03/2024,Tour Cù Lao Chàm - Lặn ngắm san hô - 1 Ngày,83833.09,534025,156983,Thấp điểm
03/2024,Tour Bán đảo Sơn Trà - Chùa Linh Ứng,61400.8,339834,180678,Thấp điểm
03/2024,Tour Huế (Khởi hành từ Đà Nẵng) - 1 Ngày,31391.23,922407,34031,Thấp điểm
03/2024,Tour Suối Khoáng Nóng Núi Thần Tài,32350.1,728216,44423,Thấp điểm
04/2024,Tour Bà Nà Hills (Cầu Vàng) - 1 Ngày,637032.91,1252812,508482,Bình thường
04/2024,Tour Ngũ Hành Sơn - Hội An - Buổi chiều,289081.13,451012,640960,Bình thường
04/2024,Tour Cù Lao Chàm - Lặn ngắm san hô - 1 Ngày,236073.02,551237,428260,Bình thường
04/2024,Tour Bán đảo Sơn Trà - Chùa Linh Ứng,156883.62,350787,447232,Bình thường
04/2024,Tour Huế (Khởi hành từ Đà Nẵng) - 1 Ngày,74266.46,952137,77999,Bình thường
04/2024,Tour Suối Khoáng Nóng Núi Thần Tài,75840.23,751687,100893,Bình thường
05/2024,Tour Bà Nà Hills (Cầu Vàng) - 1 Ngày,1326674.43,1306250,1015635,Bình thường
05/2024,Tour Ngũ Hành Sơn - Hội An - Buổi chiều,588563.25,470250,1251596,Bình thường
05/2024,Tour Cù Lao Chàm - Lặn ngắm san hô - 1 Ngày,386870.23,574750,673110,Bình thường
05/2024,Tour Bán đảo Sơn Trà - Chùa Linh Ứng,285936.14,365750,781780,Bình thường
05/2024,Tour Huế (Khởi hành từ Đà Nẵng) - 1 Ngày,129768.98,992750,130716,Bình thường
05/2024,Tour Suối Khoáng Nóng Núi Thần Tài,124314.55,783750,158615,Bình thường
06/2024,Tour Bà Nà Hills (Cầu Vàng) - 1 Ngày,1622925.09,1359687,1193601,Bình thường
06/2024,Tour Ngũ Hành Sơn - Hội An - Buổi chiều,726118.17,489487,1483425,Bình thường
06/2024,Tour Cù Lao Chàm - Lặn ngắm san hô - 1 Ngày,573976.06,598262,959405,Bình thường
06/2024,Tour Bán đảo Sơn Trà - Chùa Linh Ứng,403796.14,380712,1060632,Bình thường
06/2024,Tour Huế (Khởi hành từ Đà Nẵng) - 1 Ngày,188014.64,1033362,181944,Bình thường
06/2024,Tour Suối Khoáng Nóng Núi Thần Tài,199251.87,815812,244237,Bình thường
07/2024,Tour Bà Nà Hills (Cầu Vàng) - 1 Ngày,2019058.24,1398806,1443415,Cao điểm
07/2024,Tour Ngũ Hành Sơn - Hội An - Buổi chiều,901878.29,503570,1790967,Cao điểm
07/2024,Tour Cù Lao Chàm - Lặn ngắm san hô - 1 Ngày,765274.67,615474,1243389,Cao điểm
07/2024,Tour Bán đảo Sơn Trà - Chùa Linh Ứng,444502.5,391665,1134902,Cao điểm
07/2024,Tour Huế (Khởi hành từ Đà Nẵng) - 1 Ngày,234051.04,1063092,220160,Cao điểm
07/2024,Tour Suối Khoáng Nóng Núi Thần Tài,255248.18,839283,304126,Cao điểm
08/2024,Tour Bà Nà Hills (Cầu Vàng) - 1 Ngày,2340513.23,1413125,1656267,Cao điểm
08/2024,Tour Ngũ Hành Sơn - Hội An - Buổi chiều,993194.33,508725,1952320,Cao điểm
08/2024,Tour Cù Lao Chàm - Lặn ngắm san hô - 1 Ngày,788623.77,621775,1268342,Cao điểm
08/2024,Tour Bán đảo Sơn Trà - Chùa Linh Ứng,570901.56,395675,1442854,Cao điểm
08/2024,Tour Huế (Khởi hành từ Đà Nẵng) - 1 Ngày,239639.82,1073975,223133,Cao điểm
08/2024,Tour Suối Khoáng Nóng Núi Thần Tài,236971.77,847875,279489,Cao điểm
09/2024,Tour Bà Nà Hills (Cầu Vàng) - 1 Ngày,2336051.78,1398806,1670032,Cao điểm
09/2024,Tour Ngũ Hành Sơn - Hội An - Buổi chiều,999999.8,503570,1985819,Cao điểm
09/2024,Tour Cù Lao Chàm - Lặn ngắm san hô - 1 Ngày,671961.35,615474,1091777,Cao điểm
09/2024,Tour Bán đảo Sơn Trà - Chùa Linh Ứng,449064.66,391665,1146550,Cao điểm
09/2024,Tour Huế (Khởi hành từ Đà Nẵng) - 1 Ngày,245975.62,1063092,231377,Cao điểm
09/2024,Tour Suối Khoáng Nóng Núi Thần Tài,246432.33,839283,293622,Cao điểm
10/2024,Tour Bà Nà Hills (Cầu Vàng) - 1 Ngày,1715203.42,1359687,1261468,Bình thường
10/2024,Tour Ngũ Hành Sơn - Hội An - Buổi chiều,789720.74,489487,1613362,Bình thường
10/2024,Tour Cù Lao Chàm - Lặn ngắm san hô - 1 Ngày,60861.41,598262,101730,Bình thường
10/2024,Tour Bán đảo Sơn Trà - Chùa Linh Ứng,424130.24,380712,1114043,Bình thường
10/2024,Tour Huế (Khởi hành từ Đà Nẵng) - 1 Ngày,204049.87,1033362,197462,Bình thường
10/2024,Tour Suối Khoáng Nóng Núi Thần Tài,201453.15,815812,246935,Bình thường
11/2024,Tour Bà Nà Hills (Cầu Vàng) - 1 Ngày,1208853.48,1306250,925438,Bình thường
11/2024,Tour Ngũ Hành Sơn - Hội An - Buổi chiều,515207.91,470250,1095604,Bình thường
11/2024,Tour Cù Lao Chàm - Lặn ngắm san hô - 1 Ngày,42812.53,574750,74488,Bình thường
11/2024,Tour Bán đảo Sơn Trà - Chùa Linh Ứng,268156.83,365750,733169,Bình thường
11/2024,Tour Huế (Khởi hành từ Đà Nẵng) - 1 Ngày,142782.71,992750,143825,Bình thường
11/2024,Tour Suối Khoáng Nóng Núi Thần Tài,150528.0,783750,192061,Bình thường
12/2024,Tour Bà Nà Hills (Cầu Vàng) - 1 Ngày,621380.32,1252812,495988,Bình thường
12/2024,Tour Ngũ Hành Sơn - Hội An - Buổi chiều,281584.09,451012,624337,Bình thường
12/2024,Tour Cù Lao Chàm - Lặn ngắm san hô - 1 Ngày,24261.62,551237,44013,Bình thường
12/2024,Tour Bán đảo Sơn Trà - Chùa Linh Ứng,139375.92,350787,397322,Bình thường
12/2024,Tour Huế (Khởi hành từ Đà Nẵng) - 1 Ngày,72265.94,952137,75898,Bình thường
12/2024,Tour Suối Khoáng Nóng Núi Thần Tài,80290.3,751687,106813,Bình thường
01/2025,Tour Bà Nà Hills (Cầu Vàng) - 1 Ngày,348573.74,1277572,272840,Thấp điểm
01/2025,Tour Ngũ Hành Sơn - Hội An - Buổi chiều,161879.17,459925,351967,Thấp điểm
01/2025,Tour Cù Lao Chàm - Lặn ngắm san hô - 1 Ngày,124600.11,562131,221656,Thấp điểm
01/2025,Tour Bán đảo Sơn Trà - Chùa Linh Ứng,82762.54,357720,231361,Thấp điểm
01/2025,Tour Huế (Khởi hành từ Đà Nẵng) - 1 Ngày,38354.44,970954,39501,Thấp điểm
01/2025,Tour Suối Khoáng Nóng Núi Thần Tài,43279.68,766543,56460,Thấp điểm
02/2025,Tour Bà Nà Hills (Cầu Vàng) - 1 Ngày,149962.26,1262500,118781,Thấp điểm
02/2025,Tour Ngũ Hành Sơn - Hội An - Buổi chiều,68512.86,454500,150743,Thấp điểm
02/2025,Tour Cù Lao Chàm - Lặn ngắm san hô - 1 Ngày,56036.86,555500,100876,Thấp điểm
02/2025,Tour Bán đảo Sơn Trà - Chùa Linh Ứng,34128.21,353500,96543,Thấp điểm
02/2025,Tour Huế (Khởi hành từ Đà Nẵng) - 1 Ngày,17099.63,959500,17821,Thấp điểm
02/2025,Tour Suối Khoáng Nóng Núi Thần Tài,19892.42,757500,26260,Thấp điểm
03/2025,Tour Bà Nà Hills (Cầu Vàng) - 1 Ngày,368480.41,1277572,288422,Thấp điểm
03/2025,Tour Ngũ Hành Sơn - Hội An - Buổi chiều,167091.21,459925,363300,Thấp điểm
03/2025,Tour Cù Lao Chàm - Lặn ngắm san hô - 1 Ngày,110164.18,562131,195975,Thấp điểm
03/2025,Tour Bán đảo Sơn Trà - Chùa Linh Ứng,81320.8,357720,227330,Thấp điểm
03/2025,Tour Huế (Khởi hành từ Đà Nẵng) - 1 Ngày,37744.84,970954,38873,Thấp điểm
03/2025,Tour Suối Khoáng Nóng Núi Thần Tài,38811.96,766543,50632,Thấp điểm
04/2025,Tour Bà Nà Hills (Cầu Vàng) - 1 Ngày,883751.57,1318750,670143,Bình thường
04/2025,Tour Ngũ Hành Sơn - Hội An - Buổi chiều,413429.92,474750,870837,Bình thường
04/2025,Tour Cù Lao Chàm - Lặn ngắm san hô - 1 Ngày,297845.25,580250,513305,Bình thường
04/2025,Tour Bán đảo Sơn Trà - Chùa Linh Ứng,219938.84,369250,595636,Bình thường
04/2025,Tour Huế (Khởi hành từ Đà Nẵng) - 1 Ngày,100722.93,1002249,100496,Bình thường
04/2025,Tour Suối Khoáng Nóng Núi Thần Tài,95798.48,791250,121072,Bình thường
05/2025,Tour Bà Nà Hills (Cầu Vàng) - 1 Ngày,1508797.02,1375000,1097306,Bình thường
05/2025,Tour Ngũ Hành Sơn - Hội An - Buổi chiều,769529.77,495000,1554605,Bình thường
05/2025,Tour Cù Lao Chàm - Lặn ngắm san hô - 1 Ngày,554695.12,605000,916851,Bình thường
05/2025,Tour Bán đảo Sơn Trà - Chùa Linh Ứng,360357.79,385000,935994,Bình thường
05/2025,Tour Huế (Khởi hành từ Đà Nẵng) - 1 Ngày,197433.66,1045000,188931,Bình thường
05/2025,Tour Suối Khoáng Nóng Núi Thần Tài,171482.9,825000,207858,Bình thường
06/2025,Tour Bà Nà Hills (Cầu Vàng) - 1 Ngày,2432139.33,1431250,1699311,Bình thường
06/2025,Tour Ngũ Hành Sơn - Hội An - Buổi chiều,1138611.67,515250,2209823,Bình thường
06/2025,Tour Cù Lao Chàm - Lặn ngắm san hô - 1 Ngày,807508.04,629750,1282267,Bình thường
06/2025,Tour Bán đảo Sơn Trà - Chùa Linh Ứng,523706.97,400750,1306817,Bình thường
06/2025,Tour Huế (Khởi hành từ Đà Nẵng) - 1 Ngày,289183.87,1087750,265855,Bình thường
06/2025,Tour Suối Khoáng Nóng Núi Thần Tài,247474.4,858750,288179,Bình thường
07/2025,Tour Bà Nà Hills (Cầu Vàng) - 1 Ngày,2665554.23,1472427,1810312,Cao điểm
07/2025,Tour Ngũ Hành Sơn - Hội An - Buổi chiều,1278721.27,530074,2412344,Cao điểm
07/2025,Tour Cù Lao Chàm - Lặn ngắm san hô - 1 Ngày,887591.63,647868,1370018,Cao điểm
07/2025,Tour Bán đảo Sơn Trà - Chùa Linh Ứng,648548.83,412279,1573079,Cao điểm
07/2025,Tour Huế (Khởi hành từ Đà Nẵng) - 1 Ngày,302390.86,1119045,270222,Cao điểm
07/2025,Tour Suối Khoáng Nóng Núi Thần Tài,312018.09,883456,353178,Cao điểm
08/2025,Tour Bà Nà Hills (Cầu Vàng) - 1 Ngày,3089974.89,1487500,2077294,Cao điểm
08/2025,Tour Ngũ Hành Sơn - Hội An - Buổi chiều,1312944.0,535500,2451809,Cao điểm
08/2025,Tour Cù Lao Chàm - Lặn ngắm san hô - 1 Ngày,961376.82,654500,1468872,Cao điểm
08/2025,Tour Bán đảo Sơn Trà - Chùa Linh Ứng,697179.29,416500,1673899,Cao điểm
08/2025,Tour Huế (Khởi hành từ Đà Nẵng) - 1 Ngày,327719.19,1130500,289888,Cao điểm
08/2025,Tour Suối Khoáng Nóng Núi Thần Tài,315090.65,892500,353042,Cao điểm
09/2025,Tour Bà Nà Hills (Cầu Vàng) - 1 Ngày,3055489.12,1472427,2075136,Cao điểm
09/2025,Tour Ngũ Hành Sơn - Hội An - Buổi chiều,1337433.65,530074,2523107,Cao điểm
09/2025,Tour Cù Lao Chàm - Lặn ngắm san hô - 1 Ngày,976307.0,647868,1506952,Cao điểm
09/2025,Tour Bán đảo Sơn Trà - Chùa Linh Ứng,606644.7,412279,1471439,Cao điểm
09/2025,Tour Huế (Khởi hành từ Đà Nẵng) - 1 Ngày,349227.36,1119045,312076,Cao điểm
09/2025,Tour Suối Khoáng Nóng Núi Thần Tài,344510.09,883456,389956,Cao điểm
10/2025,Tour Bà Nà Hills (Cầu Vàng) - 1 Ngày,2575255.57,1431250,1799305,Bình thường
10/2025,Tour Ngũ Hành Sơn - Hội An - Buổi chiều,1082179.44,515250,2100299,Bình thường
10/2025,Tour Cù Lao Chàm - Lặn ngắm san hô - 1 Ngày,72830.59,629750,115649,Bình thường
10/2025,Tour Bán đảo Sơn Trà - Chùa Linh Ứng,575970.11,400750,1437230,Bình thường
10/2025,Tour Huế (Khởi hành từ Đà Nẵng) - 1 Ngày,281484.73,1087750,258777,Bình thường
10/2025,Tour Suối Khoáng Nóng Núi Thần Tài,244116.98,858750,284270,Bình thường
11/2025,Tour Bà Nà Hills (Cầu Vàng) - 1 Ngày,1700050.68,1375000,1236400,Bình thường
11/2025,Tour Ngũ Hành Sơn - Hội An - Buổi chiều,712984.17,495000,1440372,Bình thường
11/2025,Tour Cù Lao Chàm - Lặn ngắm san hô - 1 Ngày,53717.84,605000,88789,Bình thường
11/2025,Tour Bán đảo Sơn Trà - Chùa Linh Ứng,346642.36,385000,900369,Bình thường
11/2025,Tour Huế (Khởi hành từ Đà Nẵng) - 1 Ngày,177790.03,1045000,170133,Bình thường
11/2025,Tour Suối Khoáng Nóng Núi Thần Tài,193243.96,825000,234235,Bình thường
12/2025,Tour Bà Nà Hills (Cầu Vàng) - 1 Ngày,834994.21,1318750,633170,Bình thường
12/2025,Tour Ngũ Hành Sơn - Hội An - Buổi chiều,429512.2,474750,904712,Bình thường
12/2025,Tour Cù Lao Chàm - Lặn ngắm san hô - 1 Ngày,32439.83,580250,55906,Bình thường
12/2025,Tour Bán đảo Sơn Trà - Chùa Linh Ứng,215109.06,369250,582556,Bình thường
12/2025,Tour Huế (Khởi hành từ Đà Nẵng) - 1 Ngày,92325.52,1002249,92118,Bình thường
12/2025,Tour Suối Khoáng Nóng Núi Thần Tài,98880.04,791250,124966,Bình thường
